title,url,last_edited
Kevin Bacon,https://en.wikipedia.org/wiki/Kevin_Bacon," This page was last edited on 31 July 2021, at 22:55"
 (2004 film),https://en.wikipedia.org/wiki/The_Woodsman_(2004_film)," This page was last edited on 19 April 2021, at 14:24"
Kevin Bacon (disambiguation),https://en.wikipedia.org/wiki/Kevin_Bacon_(disambiguation)," This page was last edited on 11 April 2020, at 17:44"
Kyra Sedgwick,https://en.wikipedia.org/wiki/Kyra_Sedgwick," This page was last edited on 5 August 2021, at 08:46"
Sosie Bacon,https://en.wikipedia.org/wiki/Sosie_Bacon," This page was last edited on 17 July 2021, at 23:46"
Edmund Bacon (architect),https://en.wikipedia.org/wiki/Edmund_Bacon_(architect)," This page was last edited on 22 April 2021, at 03:12"
 (film),https://en.wikipedia.org/wiki/Mystic_River_(film)," This page was last edited on 6 August 2021, at 17:58"
 (film),https://en.wikipedia.org/wiki/Apollo_13_(film)," This page was last edited on 10 August 2021, at 21:32"
A Few Good Men,https://en.wikipedia.org/wiki/A_Few_Good_Men," This page was last edited on 4 August 2021, at 18:56"
 (film),https://en.wikipedia.org/wiki/JFK_(film)," This page was last edited on 28 July 2021, at 14:22"
 (1984 film),https://en.wikipedia.org/wiki/Footloose_(1984_film)," This page was last edited on 28 July 2021, at 01:08"
Philadelphia,"https://en.wikipedia.org/wiki/Philadelphia,_Pennsylvania"," This page was last edited on 9 August 2021, at 00:18"
 (film),https://en.wikipedia.org/wiki/Balto_(film)," This page was last edited on 3 August 2021, at 13:40"
Holly Near,https://en.wikipedia.org/wiki/Holly_Near," This page was last edited on 15 July 2021, at 17:53"
Sleepers,https://en.wikipedia.org/wiki/Sleepers," This page was last edited on 18 July 2021, at 05:24"
Michael Bacon (musician),https://en.wikipedia.org/wiki/Michael_Bacon_(musician)," This page was last edited on 7 July 2021, at 04:13"
SixDegrees.org,https://en.wikipedia.org/wiki/SixDegrees.org," This page was last edited on 2 March 2021, at 15:35"
 (1989 film),https://en.wikipedia.org/wiki/The_Big_Picture_(1989_film)," This page was last edited on 26 July 2021, at 01:07"
She's Having a Baby,https://en.wikipedia.org/wiki/She%27s_Having_a_Baby," This page was last edited on 4 July 2021, at 12:44"
John Hughes (filmmaker),https://en.wikipedia.org/wiki/John_Hughes_(filmmaker)," This page was last edited on 7 August 2021, at 00:57"
Judy Garland,https://en.wikipedia.org/wiki/Judy_Garland," This page was last edited on 10 August 2021, at 06:27"
Mickey Rooney,https://en.wikipedia.org/wiki/Mickey_Rooney," This page was last edited on 11 August 2021, at 06:17"
HBO,https://en.wikipedia.org/wiki/HBO," This page was last edited on 10 August 2021, at 08:47"
